Run	Assay Type	AvgSpotLen	Bases	BioProject	BioSample	Bytes	Center Name	Consent	DATASTORE filetype	DATASTORE provider	DATASTORE region	Experiment	Instrument	Library Name	LibraryLayout	LibrarySelection	LibrarySource	Organism	Platform	ReleaseDate	Sample_Name	SRA Study	STRAIN	BioSampleModel	Collection_Date	geo_loc_name_country	geo_loc_name_country_continent	geo_loc_name	lat_lon	host_disease	collected_by	Host	Isolation_source	Investigation_type	catalog_number	culture_collection_name	dev_stage	sex	TISSUE	environment_(biome)	environment_(feature)	environment_(material)	finishing_strategy_(depth_of_coverage)	geographic_location_(country_and/or_sea	region)	geographic_location_(latitude_and_longitude)	Host_Age	host_body_product	host_phenotype	host_sex	Isolate	isolation_and_growth_condition	number_of_replicons	project_name	reference_for_biomaterial	SAMPLE_TYPE	serotype	specific_host	BIOME	env_package	material	host_description	passage_history
SRR10997269	WGS	137	1656163956	PRJNA575185	SAMN13512631	1064998959	INSTITUTE FOR GENOME SCIENCES, UNIVERSITY OF MARYLAND, BALTIMORE	public	fastq,sra	gs,ncbi,s3	gs.US,ncbi.public,s3.us-east-1	SRX7658373	Illumina HiSeq 2500	IL100105221_GATCCTAG	PAIRED	RANDOM	GENOMIC	Aspergillus fumigatus	ILLUMINA	2020-02-05T00:00:00Z	Af-H7810724	SRP246383	H7810724	Pathogen.cl	2015	USA	North America	USA: Pittsburgh\, PA	not available	not available	University of Pittsburgh	Homo sapiens	not available																													
SRR10997272	WGS	137	298720554	PRJNA575185	SAMN13512632	194920262	INSTITUTE FOR GENOME SCIENCES, UNIVERSITY OF MARYLAND, BALTIMORE	public	fastq,sra	gs,ncbi,s3	gs.US,ncbi.public,s3.us-east-1	SRX7658370	Illumina HiSeq 2500	IL100105221_AACGTTGC	PAIRED	RANDOM	GENOMIC	Aspergillus fumigatus	ILLUMINA	2020-02-05T00:00:00Z	Af-T8015994	SRP246383	T8015994	Pathogen.cl	2015	USA	North America	USA: Pittsburgh\, PA	not available	not available	University of Pittsburgh	Homo sapiens	not available																													
SRR10997273	WGS	137	1255952432	PRJNA575185	SAMN13512631	807642303	INSTITUTE FOR GENOME SCIENCES, UNIVERSITY OF MARYLAND, BALTIMORE	public	fastq,sra	gs,ncbi,s3	gs.US,ncbi.public,s3.us-east-1	SRX7658369	Illumina HiSeq 2500	IL100105221_CATGCTTC	PAIRED	RANDOM	GENOMIC	Aspergillus fumigatus	ILLUMINA	2020-02-05T00:00:00Z	Af-H7810724	SRP246383	H7810724	Pathogen.cl	2015	USA	North America	USA: Pittsburgh\, PA	not available	not available	University of Pittsburgh	Homo sapiens	not available																													
SRR10997281	WGS	137	932660654	PRJNA575185	SAMN13512629	598794959	INSTITUTE FOR GENOME SCIENCES, UNIVERSITY OF MARYLAND, BALTIMORE	public	fastq,sra	gs,ncbi,s3	gs.US,ncbi.public,s3.us-east-1	SRX7658361	Illumina HiSeq 2500	IL100105221_CAACCTAG	PAIRED	RANDOM	GENOMIC	Aspergillus fumigatus	ILLUMINA	2020-02-05T00:00:00Z	Af-925	SRP246383	925	Pathogen.cl	2015	USA	North America	USA: Pittsburgh\, PA	not available	not available	University of Pittsburgh	Homo sapiens	not available																													
SRR10997285	WGS	137	715535108	PRJNA575185	SAMN13512630	458180092	INSTITUTE FOR GENOME SCIENCES, UNIVERSITY OF MARYLAND, BALTIMORE	public	fastq,sra	gs,ncbi,s3	gs.US,ncbi.public,s3.us-east-1	SRX7658357	Illumina HiSeq 2500	IL100105221_ATCCGGTA	PAIRED	RANDOM	GENOMIC	Aspergillus fumigatus	ILLUMINA	2020-02-05T00:00:00Z	Af-928	SRP246383	928	Pathogen.cl	2015	USA	North America	USA: Pittsburgh\, PA	not available	not available	University of Pittsburgh	Homo sapiens	not available																													
SRR10997287	WGS	137	1457736170	PRJNA575185	SAMN13512629	936508176	INSTITUTE FOR GENOME SCIENCES, UNIVERSITY OF MARYLAND, BALTIMORE	public	fastq,sra	gs,ncbi,s3	gs.US,ncbi.public,s3.us-east-1	SRX7658355	Illumina HiSeq 2500	IL100105221_AGTGGTCT	PAIRED	RANDOM	GENOMIC	Aspergillus fumigatus	ILLUMINA	2020-02-05T00:00:00Z	Af-925	SRP246383	925	Pathogen.cl	2015	USA	North America	USA: Pittsburgh\, PA	not available	not available	University of Pittsburgh	Homo sapiens	not available																													
SRR10997317	WGS	137	1064514934	PRJNA575185	SAMN13512632	688759034	INSTITUTE FOR GENOME SCIENCES, UNIVERSITY OF MARYLAND, BALTIMORE	public	fastq,sra	gs,ncbi,s3	gs.US,ncbi.public,s3.us-east-1	SRX7658325	Illumina HiSeq 2500	IL100105221_CTCTACAC	PAIRED	RANDOM	GENOMIC	Aspergillus fumigatus	ILLUMINA	2020-02-05T00:00:00Z	Af-T8015994	SRP246383	T8015994	Pathogen.cl	2015	USA	North America	USA: Pittsburgh\, PA	not available	not available	University of Pittsburgh	Homo sapiens	not available																													
SRR10997245	WGS	137	1059160974	PRJNA575185	SAMN13512630	687034262	INSTITUTE FOR GENOME SCIENCES, UNIVERSITY OF MARYLAND, BALTIMORE	public	fastq,sra	gs,ncbi,s3	gs.US,ncbi.public,s3.us-east-1	SRX7658397	Illumina HiSeq 2500	IL100105221_TCGATGGT	PAIRED	RANDOM	GENOMIC	Aspergillus fumigatus	ILLUMINA	2020-02-05T00:00:00Z	Af-928	SRP246383	928	Pathogen.cl	2015	USA	North America	USA: Pittsburgh\, PA	not available	not available	University of Pittsburgh	Homo sapiens	not available																													
SRR10997284	WGS	137	897452750	PRJNA575185	SAMN13512629	576412202	INSTITUTE FOR GENOME SCIENCES, UNIVERSITY OF MARYLAND, BALTIMORE	public	fastq,sra	gs,ncbi,s3	gs.US,ncbi.public,s3.us-east-1	SRX7658358	Illumina HiSeq 2500	IL100105221_ATCCTAGG	PAIRED	RANDOM	GENOMIC	Aspergillus fumigatus	ILLUMINA	2020-02-05T00:00:00Z	Af-925	SRP246383	925	Pathogen.cl	2015	USA	North America	USA: Pittsburgh\, PA	not available	not available	University of Pittsburgh	Homo sapiens	not available																													
SRR10997297	WGS	137	1497217378	PRJNA575185	SAMN13512631	961706203	INSTITUTE FOR GENOME SCIENCES, UNIVERSITY OF MARYLAND, BALTIMORE	public	fastq,sra	gs,ncbi,s3	gs.US,ncbi.public,s3.us-east-1	SRX7658345	Illumina HiSeq 2500	IL100105221_ACCAACGT	PAIRED	RANDOM	GENOMIC	Aspergillus fumigatus	ILLUMINA	2020-02-05T00:00:00Z	Af-H7810724	SRP246383	H7810724	Pathogen.cl	2015	USA	North America	USA: Pittsburgh\, PA	not available	not available	University of Pittsburgh	Homo sapiens	not available																													
SRR10997302	WGS	137	1338015980	PRJNA575185	SAMN13512630	856847017	INSTITUTE FOR GENOME SCIENCES, UNIVERSITY OF MARYLAND, BALTIMORE	public	fastq,sra	gs,ncbi,s3	gs.US,ncbi.public,s3.us-east-1	SRX7658340	Illumina HiSeq 2500	IL100105221_GAGACAGT	PAIRED	RANDOM	GENOMIC	Aspergillus fumigatus	ILLUMINA	2020-02-05T00:00:00Z	Af-928	SRP246383	928	Pathogen.cl	2015	USA	North America	USA: Pittsburgh\, PA	not available	not available	University of Pittsburgh	Homo sapiens	not available																													
SRR10997305	WGS	137	639598200	PRJNA575185	SAMN13512630	408927902	INSTITUTE FOR GENOME SCIENCES, UNIVERSITY OF MARYLAND, BALTIMORE	public	fastq,sra	gs,ncbi,s3	gs.US,ncbi.public,s3.us-east-1	SRX7658337	Illumina HiSeq 2500	IL100105221_GACATCTG	PAIRED	RANDOM	GENOMIC	Aspergillus fumigatus	ILLUMINA	2020-02-05T00:00:00Z	Af-928	SRP246383	928	Pathogen.cl	2015	USA	North America	USA: Pittsburgh\, PA	not available	not available	University of Pittsburgh	Homo sapiens	not available																													
SRR10997322	WGS	137	1020942906	PRJNA575185	SAMN13512629	657974743	INSTITUTE FOR GENOME SCIENCES, UNIVERSITY OF MARYLAND, BALTIMORE	public	fastq,sra	gs,ncbi,s3	gs.US,ncbi.public,s3.us-east-1	SRX7658320	Illumina HiSeq 2500	IL100105221_AACCGGTT	PAIRED	RANDOM	GENOMIC	Aspergillus fumigatus	ILLUMINA	2020-02-05T00:00:00Z	Af-925	SRP246383	925	Pathogen.cl	2015	USA	North America	USA: Pittsburgh\, PA	not available	not available	University of Pittsburgh	Homo sapiens	not available																													
SRR10997258	WGS	137	2130323422	PRJNA575185	SAMN13512631	1367502287	INSTITUTE FOR GENOME SCIENCES, UNIVERSITY OF MARYLAND, BALTIMORE	public	fastq,sra	gs,ncbi,s3	gs.US,ncbi.public,s3.us-east-1	SRX7658384	Illumina HiSeq 2500	IL100105221_GGATTAGG	PAIRED	RANDOM	GENOMIC	Aspergillus fumigatus	ILLUMINA	2020-02-05T00:00:00Z	Af-H7810724	SRP246383	H7810724	Pathogen.cl	2015	USA	North America	USA: Pittsburgh\, PA	not available	not available	University of Pittsburgh	Homo sapiens	not available																													
SRR10997274	WGS	137	1093447142	PRJNA575185	SAMN13512631	702685946	INSTITUTE FOR GENOME SCIENCES, UNIVERSITY OF MARYLAND, BALTIMORE	public	fastq,sra	gs,ncbi,s3	gs.US,ncbi.public,s3.us-east-1	SRX7658368	Illumina HiSeq 2500	IL100105221_CAGTTGAC	PAIRED	RANDOM	GENOMIC	Aspergillus fumigatus	ILLUMINA	2020-02-05T00:00:00Z	Af-H7810724	SRP246383	H7810724	Pathogen.cl	2015	USA	North America	USA: Pittsburgh\, PA	not available	not available	University of Pittsburgh	Homo sapiens	not available																													
SRR10997277	WGS	302	17280642944	PRJNA575185	SAMN13512632	6406871279	INSTITUTE FOR GENOME SCIENCES, UNIVERSITY OF MARYLAND, BALTIMORE	public	fastq,sra	gs,ncbi,s3	gs.US,ncbi.public,s3.us-east-1	SRX7658365	Illumina HiSeq 2500	IL100067636	PAIRED	RANDOM	GENOMIC	Aspergillus fumigatus	ILLUMINA	2020-01-31T00:00:00Z	Af-T8015994	SRP246383	T8015994	Pathogen.cl	2015	USA	North America	USA: Pittsburgh\, PA	not available	not available	University of Pittsburgh	Homo sapiens	not available																													
SRR10997278	WGS	137	1079574796	PRJNA575185	SAMN13512630	693022390	INSTITUTE FOR GENOME SCIENCES, UNIVERSITY OF MARYLAND, BALTIMORE	public	fastq,sra	gs,ncbi,s3	gs.US,ncbi.public,s3.us-east-1	SRX7658364	Illumina HiSeq 2500	IL100105221_CACATGTG	PAIRED	RANDOM	GENOMIC	Aspergillus fumigatus	ILLUMINA	2020-02-05T00:00:00Z	Af-928	SRP246383	928	Pathogen.cl	2015	USA	North America	USA: Pittsburgh\, PA	not available	not available	University of Pittsburgh	Homo sapiens	not available																													
SRR10997283	WGS	137	1247269920	PRJNA575185	SAMN13512629	802346683	INSTITUTE FOR GENOME SCIENCES, UNIVERSITY OF MARYLAND, BALTIMORE	public	fastq,sra	gs,ncbi,s3	gs.US,ncbi.public,s3.us-east-1	SRX7658359	Illumina HiSeq 2500	IL100105221_ATCGTAGC	PAIRED	RANDOM	GENOMIC	Aspergillus fumigatus	ILLUMINA	2020-02-05T00:00:00Z	Af-925	SRP246383	925	Pathogen.cl	2015	USA	North America	USA: Pittsburgh\, PA	not available	not available	University of Pittsburgh	Homo sapiens	not available																													
SRR10997288	WGS	302	15062167554	PRJNA575185	SAMN13512631	5586619148	INSTITUTE FOR GENOME SCIENCES, UNIVERSITY OF MARYLAND, BALTIMORE	public	fastq,sra	gs,ncbi,s3	gs.US,ncbi.public,s3.us-east-1	SRX7658354	Illumina HiSeq 2500	IL100067634	PAIRED	RANDOM	GENOMIC	Aspergillus fumigatus	ILLUMINA	2020-01-31T00:00:00Z	Af-H7810724	SRP246383	H7810724	Pathogen.cl	2015	USA	North America	USA: Pittsburgh\, PA	not available	not available	University of Pittsburgh	Homo sapiens	not available																													
SRR10997306	WGS	137	926806918	PRJNA575185	SAMN13512630	596265374	INSTITUTE FOR GENOME SCIENCES, UNIVERSITY OF MARYLAND, BALTIMORE	public	fastq,sra	gs,ncbi,s3	gs.US,ncbi.public,s3.us-east-1	SRX7658336	Illumina HiSeq 2500	IL100105221_GACATCAC	PAIRED	RANDOM	GENOMIC	Aspergillus fumigatus	ILLUMINA	2020-02-05T00:00:00Z	Af-928	SRP246383	928	Pathogen.cl	2015	USA	North America	USA: Pittsburgh\, PA	not available	not available	University of Pittsburgh	Homo sapiens	not available																													
SRR10997327	WGS	137	1120920574	PRJNA575185	SAMN13512631	722259487	INSTITUTE FOR GENOME SCIENCES, UNIVERSITY OF MARYLAND, BALTIMORE	public	fastq,sra	gs,ncbi,s3	gs.US,ncbi.public,s3.us-east-1	SRX7658315	Illumina HiSeq 2500	IL100105221_CCATATGG	PAIRED	RANDOM	GENOMIC	Aspergillus fumigatus	ILLUMINA	2020-02-05T00:00:00Z	Af-H7810724	SRP246383	H7810724	Pathogen.cl	2015	USA	North America	USA: Pittsburgh\, PA	not available	not available	University of Pittsburgh	Homo sapiens	not available																													
SRR10997241	WGS	137	2517184570	PRJNA575185	SAMN13512632	1639286489	INSTITUTE FOR GENOME SCIENCES, UNIVERSITY OF MARYLAND, BALTIMORE	public	fastq,sra	gs,ncbi,s3	gs.US,ncbi.public,s3.us-east-1	SRX7658401	Illumina HiSeq 2500	IL100105221_TGCACAAC	PAIRED	RANDOM	GENOMIC	Aspergillus fumigatus	ILLUMINA	2020-02-05T00:00:00Z	Af-T8015994	SRP246383	T8015994	Pathogen.cl	2015	USA	North America	USA: Pittsburgh\, PA	not available	not available	University of Pittsburgh	Homo sapiens	not available																													
SRR10997243	WGS	137	1467454676	PRJNA575185	SAMN13512631	944948290	INSTITUTE FOR GENOME SCIENCES, UNIVERSITY OF MARYLAND, BALTIMORE	public	fastq,sra	gs,ncbi,s3	gs.US,ncbi.public,s3.us-east-1	SRX7658399	Illumina HiSeq 2500	IL100105221_TGACGTGT	PAIRED	RANDOM	GENOMIC	Aspergillus fumigatus	ILLUMINA	2020-02-05T00:00:00Z	Af-H7810724	SRP246383	H7810724	Pathogen.cl	2015	USA	North America	USA: Pittsburgh\, PA	not available	not available	University of Pittsburgh	Homo sapiens	not available																													
SRR10997252	WGS	137	945042166	PRJNA575185	SAMN13512630	606313070	INSTITUTE FOR GENOME SCIENCES, UNIVERSITY OF MARYLAND, BALTIMORE	public	fastq,sra	gs,ncbi,s3	gs.US,ncbi.public,s3.us-east-1	SRX7658390	Illumina HiSeq 2500	IL100105221_GTGTCACA	PAIRED	RANDOM	GENOMIC	Aspergillus fumigatus	ILLUMINA	2020-02-05T00:00:00Z	Af-928	SRP246383	928	Pathogen.cl	2015	USA	North America	USA: Pittsburgh\, PA	not available	not available	University of Pittsburgh	Homo sapiens	not available																													
SRR10997260	WGS	137	1354911094	PRJNA575185	SAMN13512629	872444896	INSTITUTE FOR GENOME SCIENCES, UNIVERSITY OF MARYLAND, BALTIMORE	public	fastq,sra	gs,ncbi,s3	gs.US,ncbi.public,s3.us-east-1	SRX7658382	Illumina HiSeq 2500	IL100105221_GCTTCCTA	PAIRED	RANDOM	GENOMIC	Aspergillus fumigatus	ILLUMINA	2020-02-05T00:00:00Z	Af-925	SRP246383	925	Pathogen.cl	2015	USA	North America	USA: Pittsburgh\, PA	not available	not available	University of Pittsburgh	Homo sapiens	not available																													
SRR10997263	WGS	137	814185794	PRJNA575185	SAMN13512632	526438241	INSTITUTE FOR GENOME SCIENCES, UNIVERSITY OF MARYLAND, BALTIMORE	public	fastq,sra	gs,ncbi,s3	gs.US,ncbi.public,s3.us-east-1	SRX7658379	Illumina HiSeq 2500	IL100105221_GCTATTCC	PAIRED	RANDOM	GENOMIC	Aspergillus fumigatus	ILLUMINA	2020-02-05T00:00:00Z	Af-T8015994	SRP246383	T8015994	Pathogen.cl	2015	USA	North America	USA: Pittsburgh\, PA	not available	not available	University of Pittsburgh	Homo sapiens	not available																													
SRR10997276	WGS	137	1302485304	PRJNA575185	SAMN13512629	836672781	INSTITUTE FOR GENOME SCIENCES, UNIVERSITY OF MARYLAND, BALTIMORE	public	fastq,sra	gs,ncbi,s3	gs.US,ncbi.public,s3.us-east-1	SRX7658366	Illumina HiSeq 2500	IL100105221_CACTAGAC	PAIRED	RANDOM	GENOMIC	Aspergillus fumigatus	ILLUMINA	2020-02-05T00:00:00Z	Af-925	SRP246383	925	Pathogen.cl	2015	USA	North America	USA: Pittsburgh\, PA	not available	not available	University of Pittsburgh	Homo sapiens	not available																													
SRR10997282	WGS	137	881192494	PRJNA575185	SAMN13512631	566139253	INSTITUTE FOR GENOME SCIENCES, UNIVERSITY OF MARYLAND, BALTIMORE	public	fastq,sra	gs,ncbi,s3	gs.US,ncbi.public,s3.us-east-1	SRX7658360	Illumina HiSeq 2500	IL100105221_ATGCATGC	PAIRED	RANDOM	GENOMIC	Aspergillus fumigatus	ILLUMINA	2020-02-05T00:00:00Z	Af-H7810724	SRP246383	H7810724	Pathogen.cl	2015	USA	North America	USA: Pittsburgh\, PA	not available	not available	University of Pittsburgh	Homo sapiens	not available																													
SRR10997295	WGS	137	1803089880	PRJNA575185	SAMN13512631	1157361538	INSTITUTE FOR GENOME SCIENCES, UNIVERSITY OF MARYLAND, BALTIMORE	public	fastq,sra	gs,ncbi,s3	gs.US,ncbi.public,s3.us-east-1	SRX7658347	Illumina HiSeq 2500	IL100105221_ACCACATG	PAIRED	RANDOM	GENOMIC	Aspergillus fumigatus	ILLUMINA	2020-02-05T00:00:00Z	Af-H7810724	SRP246383	H7810724	Pathogen.cl	2015	USA	North America	USA: Pittsburgh\, PA	not available	not available	University of Pittsburgh	Homo sapiens	not available																													
SRR10997311	WGS	137	1196957766	PRJNA575185	SAMN13512629	769229946	INSTITUTE FOR GENOME SCIENCES, UNIVERSITY OF MARYLAND, BALTIMORE	public	fastq,sra	gs,ncbi,s3	gs.US,ncbi.public,s3.us-east-1	SRX7658331	Illumina HiSeq 2500	IL100105221_AACCTTGG	PAIRED	RANDOM	GENOMIC	Aspergillus fumigatus	ILLUMINA	2020-02-05T00:00:00Z	Af-925	SRP246383	925	Pathogen.cl	2015	USA	North America	USA: Pittsburgh\, PA	not available	not available	University of Pittsburgh	Homo sapiens	not available																													
SRR10997313	WGS	137	824508196	PRJNA575185	SAMN13512630	529548085	INSTITUTE FOR GENOME SCIENCES, UNIVERSITY OF MARYLAND, BALTIMORE	public	fastq,sra	gs,ncbi,s3	gs.US,ncbi.public,s3.us-east-1	SRX7658329	Illumina HiSeq 2500	IL100105221_CTGTCAGA	PAIRED	RANDOM	GENOMIC	Aspergillus fumigatus	ILLUMINA	2020-02-05T00:00:00Z	Af-928	SRP246383	928	Pathogen.cl	2015	USA	North America	USA: Pittsburgh\, PA	not available	not available	University of Pittsburgh	Homo sapiens	not available																													
SRR10997300	WGS	302	15277330776	PRJNA575185	SAMN13512629	5744481512	INSTITUTE FOR GENOME SCIENCES, UNIVERSITY OF MARYLAND, BALTIMORE	public	fastq,sra	gs,ncbi,s3	gs.US,ncbi.public,s3.us-east-1	SRX7658342	Illumina HiSeq 2500	IL100067632	PAIRED	RANDOM	GENOMIC	Aspergillus fumigatus	ILLUMINA	2020-01-31T00:00:00Z	Af-925	SRP246383	925	Pathogen.cl	2015	USA	North America	USA: Pittsburgh\, PA	not available	not available	University of Pittsburgh	Homo sapiens	not available																													
SRR10997309	WGS	137	1545015034	PRJNA575185	SAMN13512631	996062975	INSTITUTE FOR GENOME SCIENCES, UNIVERSITY OF MARYLAND, BALTIMORE	public	fastq,sra	gs,ncbi,s3	gs.US,ncbi.public,s3.us-east-1	SRX7658333	Illumina HiSeq 2500	IL100105221_GAACCATC	PAIRED	RANDOM	GENOMIC	Aspergillus fumigatus	ILLUMINA	2020-02-05T00:00:00Z	Af-H7810724	SRP246383	H7810724	Pathogen.cl	2015	USA	North America	USA: Pittsburgh\, PA	not available	not available	University of Pittsburgh	Homo sapiens	not available																													
SRR10997250	WGS	137	1141429474	PRJNA575185	SAMN13512631	734937497	INSTITUTE FOR GENOME SCIENCES, UNIVERSITY OF MARYLAND, BALTIMORE	public	fastq,sra	gs,ncbi,s3	gs.US,ncbi.public,s3.us-east-1	SRX7658392	Illumina HiSeq 2500	IL100105221_ACACGTCA	PAIRED	RANDOM	GENOMIC	Aspergillus fumigatus	ILLUMINA	2020-02-05T00:00:00Z	Af-H7810724	SRP246383	H7810724	Pathogen.cl	2015	USA	North America	USA: Pittsburgh\, PA	not available	not available	University of Pittsburgh	Homo sapiens	not available																													
SRR10997326	WGS	137	121968634	PRJNA575185	SAMN13512631	79649058	INSTITUTE FOR GENOME SCIENCES, UNIVERSITY OF MARYLAND, BALTIMORE	public	fastq,sra	gs,ncbi,s3	gs.US,ncbi.public,s3.us-east-1	SRX7658316	Illumina HiSeq 2500	IL100105221_CCTAATCC	PAIRED	RANDOM	GENOMIC	Aspergillus fumigatus	ILLUMINA	2020-02-05T00:00:00Z	Af-H7810724	SRP246383	H7810724	Pathogen.cl	2015	USA	North America	USA: Pittsburgh\, PA	not available	not available	University of Pittsburgh	Homo sapiens	not available																													
SRR10997299	WGS	302	14697223808	PRJNA575185	SAMN13512630	5572234035	INSTITUTE FOR GENOME SCIENCES, UNIVERSITY OF MARYLAND, BALTIMORE	public	fastq,sra	gs,ncbi,s3	gs.US,ncbi.public,s3.us-east-1	SRX7658343	Illumina HiSeq 2500	IL100067633	PAIRED	RANDOM	GENOMIC	Aspergillus fumigatus	ILLUMINA	2020-01-31T00:00:00Z	Af-928	SRP246383	928	Pathogen.cl	2015	USA	North America	USA: Pittsburgh\, PA	not available	not available	University of Pittsburgh	Homo sapiens	not available																													
